{"count":1,"gauges":{},"self":101.4658048,"total":127.3602846,"children":{"AgentResetIfDone":{"count":6020,"self":0.132008,"total":0.132008,"children":null},"AgentSendState":{"count":6020,"self":0.4430246,"total":0.60103469999999992,"children":{"CollectObservations":{"count":12040,"self":0.1580101,"total":0.1580101,"children":null}}},"DecideAction":{"count":6020,"self":22.675296,"total":24.4033953,"children":{"RayPerceptionSensor.Perceive":{"count":12040,"self":1.7280988,"total":1.7280989,"children":null}}},"AcademyStep":{"count":6020,"self":0.0380021,"total":0.0380021,"children":null},"AgentAct":{"count":6020,"self":0.7170426,"total":0.7170426,"children":null}}}