{"cameraMode":{"drawMode":0,"name":"Shaded","section":"Shading Mode"},"sceneLighting":false,"audioPlay":false,"sceneViewState":{"showFog":true,"showMaterialUpdate":false,"showSkybox":false,"showFlares":true,"showImageEffects":true,"showParticleSystems":true},"in2DMode":false,"pivot":{"x":65.50894165039063,"y":-569.6748657226563,"z":642.5402221679688},"rotation":{"x":-0.3438936471939087,"y":-0.03464099392294884,"z":0.012696419842541218,"w":-0.9382840991020203},"size":1416.23046875,"orthographic":false}